competition,stage,round,week,day,match_no,home_team_id,away_team_id,home_score,away_score,winner_team_id,loser_team_id
league,regular,1,3,토,,T13,T02,5,4,T13,T02
league,regular,1,3,금,,T10,T05,1,8,T05,T10
league,regular,1,3,일,,T12,T03,0,5,T03,T12
league,regular,1,3,일,,T04,T11,3,8,T11,T04
league,regular,1,3,금,,T09,T06,2,3,T06,T09
league,regular,1,3,토,,T01,T14,3,3,,
league,regular,1,3,일,,T07,T08,3,2,T07,T08
league,regular,2,4,금,,T03,T10,4,4,,
league,regular,2,4,목,,T14,T12,6,5,T14,T12
league,regular,2,4,금,,T13,T01,8,2,T13,T01
league,regular,2,4,목,,T05,T08,4,7,T08,T05
league,regular,2,4,목,,T06,T07,11,5,T06,T07
league,regular,2,4,금,,T09,T04,6,1,T09,T04
league,regular,2,4,금,,T02,T11,1,12,T11,T02
league,regular,3,4,일,,T02,T09,4,3,T02,T09
league,regular,3,4,토,,T08,T03,4,2,T08,T03
league,regular,3,4,일,,T01,T12,8,4,T01,T12
league,regular,3,4,토,,T10,T14,6,6,,
league,regular,3,4,토,,T11,T13,0,9,T13,T11
league,regular,3,4,일,,T07,T04,8,9,T04,T07
league,regular,3,4,일,,T05,T06,8,7,T05,T06
league,regular,4,5,일,,T11,T01,8,2,T11,T01
league,regular,4,5,토,,T14,T08,6,4,T14,T08
league,regular,4,5,토,,T07,T02,5,2,T07,T02
league,regular,4,5,금,,T03,T06,1,2,T06,T03
league,regular,4,5,일,,T12,T10,4,0,T12,T10
league,regular,4,5,금,,T09,T13,9,8,T09,T13
league,regular,4,5,토,,T04,T05,2,4,T05,T04
league,regular,5,6,금,,T09,T11,6,4,T09,T11
league,regular,5,6,목,,T10,T01,6,4,T10,T01
league,regular,5,6,목,,T03,T04,8,5,T03,T04
league,regular,5,6,금,,T13,T07,6,4,T13,T07
league,regular,5,6,목,,T05,T02,2,2,,
league,regular,5,6,금,,T06,T14,5,5,,
league,regular,5,6,금,,T12,T08,8,3,T12,T08
league,regular,6,6,토,,T14,T04,2,2,,
league,regular,6,6,일,,T13,T05,0,6,T05,T13
league,regular,6,6,토,,T02,T03,2,4,T03,T02
league,regular,6,6,일,,T08,T10,3,8,T10,T08
league,regular,6,6,토,,T01,T09,1,2,T09,T01
league,regular,6,6,일,,T06,T12,6,4,T06,T12
league,regular,6,6,일,,T07,T11,7,5,T07,T11
league,regular,7,7,수,,T02,T14,13,11,T02,T14
league,regular,7,7,화,,T03,T13,4,6,T13,T03
league,regular,7,7,화,,T11,T05,2,1,T11,T05
league,regular,7,7,수,,T01,T08,10,4,T01,T08
league,regular,7,7,화,,T09,T07,5,4,T09,T07
league,regular,7,7,수,,T04,T12,13,0,T04,T12
league,regular,7,7,수,,T10,T06,1,8,T06,T10
league,regular,8,7,금,,T05,T09,0,6,T09,T05
league,regular,8,7,목,,T08,T06,6,5,T08,T06
league,regular,8,7,목,,T03,T11,6,7,T11,T03
league,regular,8,7,금,,T10,T04,0,9,T04,T10
league,regular,8,7,목,,T07,T01,6,5,T07,T01
league,regular,8,7,금,,T12,T02,5,1,T12,T02
league,regular,8,7,목,,T14,T13,2,2,,
league,regular,9,7,일,,T07,T05,3,5,T05,T07
league,regular,9,7,토,,T06,T01,4,6,T01,T06
league,regular,9,7,토,,T11,T14,2,5,T14,T11
league,regular,9,7,일,,T13,T12,2,5,T12,T13
league,regular,9,7,일,,T02,T10,5,4,T02,T10
league,regular,9,7,토,,T04,T08,2,1,T04,T08
league,regular,9,7,토,,T09,T03,3,2,T09,T03
league,regular,10,8,금,,T10,T13,1,8,T13,T10
league,regular,10,8,목,,T08,T02,2,4,T02,T08
league,regular,10,8,목,,T06,T04,2,1,T06,T04
league,regular,10,8,금,,T12,T11,8,9,T11,T12
league,regular,10,8,금,,T03,T07,4,3,T03,T07
league,regular,10,8,목,,T01,T05,1,3,T05,T01
league,regular,10,8,금,,T09,T14,9,0,T09,T14
league,regular,11,8,토,,T08,T13,1,3,T13,T08
league,regular,11,8,토,,T11,T10,1,3,T10,T11
league,regular,11,8,토,,T01,T04,1,8,T04,T01
league,regular,11,8,토,,T02,T06,3,6,T06,T02
league,regular,11,8,토,,T12,T09,6,10,T09,T12
league,regular,11,8,토,,T05,T03,0,5,T03,T05
league,regular,11,8,토,,T14,T07,0,6,T07,T14
league,regular,12,10,목,,T07,T12,2,4,T12,T07
league,regular,12,10,금,,T04,T02,7,6,T04,T02
league,regular,12,10,목,,T10,T09,3,5,T09,T10
league,regular,12,10,금,,T05,T14,5,16,T14,T05
league,regular,12,10,금,,T03,T01,2,7,T01,T03
league,regular,12,10,목,,T11,T08,0,1,T08,T11
league,regular,12,10,목,,T13,T06,6,6,,
league,regular,13,10,토,,T14,T03,3,6,T03,T14
league,regular,13,10,일,,T06,T11,5,2,T06,T11
league,regular,13,10,일,,T02,T01,4,1,T02,T01
league,regular,13,10,토,,T09,T08,7,5,T09,T08
league,regular,13,10,토,,T12,T05,1,2,T05,T12
league,regular,13,10,일,,T13,T04,6,2,T13,T04
league,regular,13,10,일,,T07,T10,4,0,T07,T10
league,regular,14,11,일,,T01,T13,8,3,T01,T13
league,regular,14,11,금,,T06,T07,3,2,T06,T07
league,regular,14,11,토,,T08,T05,4,5,T05,T08
league,regular,14,11,금,,T12,T14,3,2,T12,T14
league,regular,14,11,일,,T04,T09,2,2,,
league,regular,14,11,일,,T02,T11,1,6,T11,T02
league,regular,14,11,금,,T10,T03,10,8,T10,T03
league,regular,15,12,금,,T07,T12,11,6,T07,T12
league,regular,15,12,목,,T03,T01,2,6,T01,T03
league,regular,15,12,금,,T11,T08,1,4,T08,T11
league,regular,15,12,목,,T13,T06,2,6,T06,T13
league,regular,15,12,금,,T04,T02,4,5,T02,T04
league,regular,15,12,목,,T10,T09,3,9,T09,T10
league,regular,15,12,목,,T05,T14,2,0,T05,T14
league,regular,16,12,일,,T01,T06,6,3,T01,T06
league,regular,16,12,토,,T09,T03,3,3,,
league,regular,16,12,토,,T05,T07,3,11,T07,T05
league,regular,16,12,일,,T08,T04,4,10,T04,T08
league,regular,16,12,토,,T14,T11,13,1,T14,T11
league,regular,16,12,일,,T12,T13,5,3,T12,T13
league,regular,16,12,토,,T02,T10,3,6,T10,T02
league,regular,17,13,목,,T06,T03,2,0,T06,T03
league,regular,17,13,화,,T04,T05,7,5,T04,T05
league,regular,17,13,수,,T11,T01,4,5,T01,T11
league,regular,17,13,화,,T07,T02,3,13,T02,T07
league,regular,17,13,목,,T14,T08,10,8,T14,T08
league,regular,17,13,수,,T13,T09,8,4,T13,T09
league,regular,17,13,목,,T10,T12,3,2,T10,T12
league,regular,18,13,일,,T02,T14,5,1,T02,T14
league,regular,18,13,금,,T11,T05,3,5,T05,T11
league,regular,18,13,토,,T06,T10,7,2,T06,T10
league,regular,18,13,토,,T01,T08,9,0,T01,T08
league,regular,18,13,금,,T03,T13,3,5,T13,T03
league,regular,18,13,금,,T09,T07,10,1,T09,T07
league,regular,18,13,토,,T12,T04,0,6,T04,T12
league,regular,19,14,목,,T07,T01,6,6,,
league,regular,19,14,금,,T03,T11,3,2,T03,T11
league,regular,19,14,금,,T05,T09,3,3,,
league,regular,19,14,목,,T13,T14,5,3,T13,T14
league,regular,19,14,금,,T12,T02,3,2,T12,T02
league,regular,19,14,목,,T08,T06,5,2,T08,T06
league,regular,19,14,목,,T04,T10,5,9,T10,T04
league,regular,20,14,토,,T08,T09,2,5,T09,T08
league,regular,20,14,토,,T14,T03,12,8,T14,T03
league,regular,20,14,토,,T04,T13,7,3,T04,T13
league,regular,20,14,토,,T11,T06,7,6,T11,T06
league,regular,20,14,토,,T10,T07,3,1,T10,T07
league,regular,20,14,토,,T02,T01,4,3,T02,T01
league,regular,20,14,토,,T05,T12,2,2,,
league,regular,21,16,금,,T12,T11,2,2,,
league,regular,21,16,일,,T10,T13,3,4,T13,T10
league,regular,21,16,토,,T03,T07,6,3,T03,T07
league,regular,21,16,금,,T01,T05,5,4,T01,T05
league,regular,21,16,토,,T09,T14,2,6,T14,T09
league,regular,21,16,일,,T02,T08,7,10,T08,T02
league,regular,21,16,일,,T06,T04,4,3,T06,T04
league,regular,22,17,화,,T13,T11,12,3,T13,T11
league,regular,22,17,수,,T07,T04,5,0,T07,T04
league,regular,22,17,목,,T14,T10,3,4,T10,T14
league,regular,22,17,화,,T05,T06,3,7,T06,T05
league,regular,22,17,수,,T09,T02,10,2,T09,T02
league,regular,22,17,목,,T08,T03,2,0,T08,T03
league,regular,22,17,화,,T12,T01,6,4,T12,T01
league,regular,23,17,토,,T06,T12,7,13,T12,T06
league,regular,23,17,일,,T13,T05,1,3,T05,T13
league,regular,23,17,금,,T03,T02,6,9,T02,T03
league,regular,23,17,일,,T11,T07,6,1,T11,T07
league,regular,23,17,토,,T04,T14,5,10,T14,T04
league,regular,23,17,금,,T01,T09,6,5,T01,T09
league,regular,23,17,토,,T10,T08,2,1,T10,T08
league,regular,24,18,목,,T05,T10,6,1,T05,T10
league,regular,24,18,금,,T02,T13,7,2,T02,T13
league,regular,24,18,목,,T09,T06,12,11,T09,T06
league,regular,24,18,금,,T03,T12,7,0,T03,T12
league,regular,24,18,금,,T14,T01,2,3,T01,T14
league,regular,24,18,목,,T08,T07,2,10,T07,T08
league,regular,24,18,목,,T11,T04,8,4,T11,T04
league,regular,25,18,토,,T12,T08,5,2,T12,T08
league,regular,25,18,일,,T10,T01,9,12,T01,T10
league,regular,25,18,토,,T05,T02,2,1,T05,T02
league,regular,25,18,일,,T09,T11,6,10,T11,T09
league,regular,25,18,일,,T07,T13,3,6,T13,T07
league,regular,25,18,토,,T06,T14,3,3,,
league,regular,25,18,토,,T04,T03,3,9,T03,T04
league,regular,26,19,금,,T02,T06,10,1,T02,T06
league,regular,26,19,목,,T13,T08,5,5,,
league,regular,26,19,목,,T14,T07,7,0,T14,T07
league,regular,26,19,금,,T11,T10,3,0,T11,T10
league,regular,26,19,목,,T03,T05,2,2,,
league,regular,26,19,금,,T12,T09,6,10,T09,T12
league,regular,26,19,목,,T01,T04,7,10,T04,T01
league,regular,27,19,토,,T05,T02,2,3,T02,T05
league,regular,27,19,일,,T04,T03,5,7,T03,T04
league,regular,27,19,토,,T11,T09,3,6,T09,T11
league,regular,27,19,일,,T06,T14,3,4,T14,T06
league,regular,27,19,일,,T08,T12,6,4,T08,T12
league,regular,27,19,토,,T07,T13,1,1,,
league,regular,27,19,토,,T10,T01,1,4,T01,T10
league,regular,28,20,토,,T01,T04,4,4,,
league,regular,28,20,일,,T03,T05,3,2,T03,T05
league,regular,28,20,토,,T08,T13,0,3,T13,T08
league,regular,28,20,금,,T10,T11,2,6,T11,T10
league,regular,28,20,금,,T07,T14,3,2,T07,T14
league,regular,28,20,일,,T09,T12,5,3,T09,T12
league,regular,28,20,금,,T06,T02,3,4,T02,T06
league,regular,29,21,일,,T13,T10,6,1,T13,T10
league,regular,29,21,금,,T14,T09,7,2,T14,T09
league,regular,29,21,토,,T04,T06,4,3,T04,T06
league,regular,29,21,일,,T12,T11,7,5,T12,T11
league,regular,29,21,금,,T02,T08,2,7,T08,T02
league,regular,29,21,토,,T03,T07,2,0,T03,T07
league,regular,29,21,일,,T05,T01,4,8,T01,T05
league,regular,30,22,일,,T07,T01,6,2,T07,T01
league,regular,30,22,토,,T14,T13,3,2,T14,T13
league,regular,30,22,금,,T11,T03,8,10,T03,T11
league,regular,30,22,토,,T08,T06,11,2,T08,T06
league,regular,30,22,일,,T09,T05,5,3,T09,T05
league,regular,30,22,토,,T02,T12,7,5,T02,T12
league,regular,30,22,일,,T10,T04,6,1,T10,T04
league,regular,31,23,금,,T03,T14,4,6,T14,T03
league,regular,31,23,일,,T06,T11,2,8,T11,T06
league,regular,31,23,일,,T07,T10,5,1,T07,T10
league,regular,31,23,토,,T09,T08,6,7,T08,T09
league,regular,31,23,토,,T04,T13,5,7,T13,T04
league,regular,31,23,금,,T01,T02,8,3,T01,T02
league,regular,31,23,금,,T05,T12,10,10,,
league,regular,32,24,토,,T12,T10,2,9,T10,T12
league,regular,32,24,금,,T02,T07,3,0,T02,T07
league,regular,32,24,일,,T06,T03,8,10,T03,T06
league,regular,32,24,토,,T01,T11,1,0,T01,T11
league,regular,32,24,일,,T13,T09,5,5,,
league,regular,32,24,금,,T08,T14,8,8,,
league,regular,32,24,일,,T05,T04,0,2,T04,T05
league,regular,33,25,일,,T07,T06,4,4,,
league,regular,33,25,토,,T08,T05,0,5,T05,T08
league,regular,33,25,금,,T10,T03,1,0,T10,T03
league,regular,33,25,토,,T14,T12,5,4,T14,T12
league,regular,33,25,금,,T11,T02,3,10,T02,T11
league,regular,33,25,일,,T09,T04,9,4,T09,T04
league,regular,33,25,일,,T13,T01,1,7,T01,T13
league,regular,34,26,토,,T02,T10,1,4,T10,T02
league,regular,34,26,일,,T05,T07,7,3,T05,T07
league,regular,34,26,금,,T14,T11,4,1,T14,T11
league,regular,34,26,금,,T12,T13,5,2,T12,T13
league,regular,34,26,일,,T04,T08,4,3,T04,T08
league,regular,34,26,토,,T03,T09,4,5,T09,T03
league,regular,34,26,금,,T06,T01,0,1,T01,T06
league,regular,35,27,금,,T04,T02,2,1,T04,T02
league,regular,35,27,일,,T05,T14,3,2,T05,T14
league,regular,35,27,토,,T01,T03,9,7,T01,T03
league,regular,35,27,금,,T09,T10,2,5,T10,T09
league,regular,35,27,토,,T07,T12,0,4,T12,T07
league,regular,35,27,금,,T11,T08,3,2,T11,T08
league,regular,35,27,일,,T13,T06,6,0,T13,T06
league,regular,36,28,금,,T10,T14,6,4,T10,T14
league,regular,36,28,토,,T12,T01,2,2,,
league,regular,36,28,금,,T07,T04,3,3,,
league,regular,36,28,토,,T06,T05,4,6,T05,T06
league,regular,36,28,금,,T02,T09,7,2,T02,T09
league,regular,36,28,토,,T08,T03,1,5,T03,T08
league,regular,36,28,일,,T13,T11,6,5,T13,T11
league,regular,37,29,금,,T03,T02,7,6,T03,T02
league,regular,37,29,수,,T11,T07,3,9,T07,T11
league,regular,37,29,일,,T05,T13,10,3,T05,T13
league,regular,37,29,화,,T06,T12,9,5,T06,T12
league,regular,37,29,금,,T01,T09,8,8,,
league,regular,37,29,토,,T08,T10,2,0,T08,T10
league,regular,37,29,수,,T14,T04,0,1,T04,T14
league,regular,38,30,화,,T07,T08,3,1,T07,T08
league,regular,38,30,수,,T09,T06,7,9,T06,T09
league,regular,38,30,목,,T14,T01,4,10,T01,T14
league,regular,38,30,수,,T10,T05,3,0,T10,T05
league,regular,38,30,화,,T13,T02,0,3,T02,T13
league,regular,38,30,목,,T12,T03,0,8,T03,T12
league,regular,38,30,수,,T04,T11,6,10,T11,T04
league,regular,39,30,토,,T06,T10,2,4,T10,T06
league,regular,39,30,금,,T04,T12,3,3,,
league,regular,39,30,일,,T11,T05,4,10,T05,T11
league,regular,39,30,토,,T01,T08,5,10,T08,T01
league,regular,39,30,금,,T02,T14,2,3,T14,T02
league,regular,39,30,일,,T07,T09,3,9,T09,T07
league,regular,39,30,토,,T03,T13,10,8,T03,T13
league,final_round,40,31,월,,T09,T05,5,6,T05,T09
league,final_round,40,31,월,,T01,T13,3,4,T13,T01
league,final_round,41,31,목,,T09,T13,4,4,,
league,final_round,41,31,목,,T01,T05,10,9,T01,T05
league,final_round,42,31,일,,T09,T01,2,2,,
league,final_round,42,31,일,,T13,T05,5,1,T13,T05
local_cup,regional_qualifier,RQ,9,화,1,T05,T11,3,2,T05,T11
local_cup,regional_qualifier,RQ,9,화,2,T03,T02,4,4,,
local_cup,regional_qualifier,RQ,9,수,3,T07,T11,6,5,T07,T11
local_cup,regional_qualifier,RQ,9,수,4,T05,T03,8,2,T05,T03
local_cup,regional_qualifier,RQ,9,금,5,T02,T11,4,7,T11,T02
local_cup,regional_qualifier,RQ,9,금,6,T03,T07,11,5,T03,T07
local_cup,regional_qualifier,RQ,9,토,7,T02,T05,6,1,T02,T05
local_cup,regional_qualifier,RQ,9,토,8,T11,T03,1,12,T03,T11
local_cup,regional_qualifier,RQ,9,일,9,T07,T02,4,3,T07,T02
local_cup,regional_qualifier,RQ,9,수,10,T07,T05,4,2,T07,T05
local_cup,regional_qualifier,RQ,9,화,11,T14,T09,8,4,T14,T09
local_cup,regional_qualifier,RQ,9,화,12,T13,T04,6,6,,
local_cup,regional_qualifier,RQ,9,목,13,T13,T14,0,9,T14,T13
local_cup,regional_qualifier,RQ,9,목,14,T09,T04,8,9,T04,T09
local_cup,regional_qualifier,RQ,9,토,15,T14,T04,8,7,T14,T04
local_cup,regional_qualifier,RQ,9,토,16,T09,T13,8,2,T09,T13
local_cup,regional_qualifier,RQ,9,화,17,T06,T10,5,4,T06,T10
local_cup,regional_qualifier,RQ,9,화,18,T12,T08,1,8,T08,T12
local_cup,regional_qualifier,RQ,9,목,19,T06,T08,0,5,T08,T06
local_cup,regional_qualifier,RQ,9,목,20,T10,T12,3,8,T12,T10
local_cup,regional_qualifier,RQ,9,토,21,T12,T06,2,3,T06,T12
local_cup,regional_qualifier,RQ,9,토,22,T08,T10,3,3,,
local_cup,regional_po,PO,15,월,1,T12,T05,6,4,T12,T05
local_cup,qf,QF,22,화,1,T01,T08,5,2,T01,T08
local_cup,qf,QF,23,수,2,T08,T01,1,2,T01,T08
local_cup,qf,QF,22,화,3,T06,T07,4,0,T06,T07
local_cup,qf,QF,23,목,4,T07,T06,9,8,T07,T06
local_cup,qf,QF,22,화,5,T03,T14,2,4,T14,T03
local_cup,qf,QF,23,수,6,T14,T03,6,4,T14,T03
local_cup,qf,QF,22,화,7,T04,T12,6,4,T04,T12
local_cup,qf,QF,23,수,8,T12,T04,8,5,T12,T04
local_cup,sf,SF,26,수,1,T01,T12,6,4,T01,T12
local_cup,sf,SF,27,수,2,T12,T01,5,1,T12,T01
local_cup,sf,SF,26,화,3,T06,T14,1,11,T14,T06
local_cup,sf,SF,27,목,4,T14,T06,4,9,T06,T14
local_cup,final,Final,29,토,1,T12,T14,1,6,T14,T12
championship,preliminary,R1,18,수,1,T04,T12,5,4,T04,T12
championship,preliminary,R1,18,수,2,T09,T14,1,8,T14,T09
championship,preliminary,R1,18,수,3,T03,T02,0,5,T02,T03
championship,preliminary,R1,18,수,4,T13,T11,3,8,T11,T13
championship,preliminary,R1,18,수,5,T01,T07,2,3,T07,T01
championship,preliminary,R1,18,수,6,T06,T10,4,5,T10,T06
championship,qf,QF,21,수,1,T05,T08,6,2,T05,T08
championship,qf,QF,22,목,1,T08,T05,8,1,T08,T05
championship,qf,QF,21,수,2,T04,T14,5,9,T14,T04
championship,qf,QF,22,목,2,T14,T04,7,1,T14,T04
championship,qf,QF,21,수,3,T02,T11,10,5,T02,T11
championship,qf,QF,22,수,3,T11,T02,3,7,T02,T11
championship,qf,QF,21,수,4,T07,T10,4,4,,
championship,qf,QF,22,목,4,T10,T07,1,9,T07,T10
championship,sf,SF,25,수,1,T08,T07,0,4,T07,T08
championship,sf,SF,26,수,1,T07,T08,5,3,T07,T08
championship,sf,SF,25,수,2,T14,T02,9,6,T14,T02
championship,sf,SF,26,목,2,T02,T14,6,4,T02,T14
championship,final,Final,29,일,1,T07,T14,7,8,T14,T07
super_cup,league,1,1,토,1,T11,T06,5,4,T11,T06
super_cup,league,1,1,토,2,T01,T08,1,8,T08,T01
super_cup,league,1,1,토,3,T05,T07,0,5,T07,T05
super_cup,league,2,1,일,4,T08,T11,3,8,T11,T08
super_cup,league,2,1,일,5,T07,T01,2,3,T01,T07
super_cup,league,2,1,일,6,T05,T06,3,3,,
super_cup,league,3,2,목,7,T07,T11,3,2,T07,T11
super_cup,league,3,2,목,8,T01,T05,4,4,,
super_cup,league,3,2,목,9,T06,T08,6,5,T06,T08
super_cup,league,4,2,토,10,T11,T05,8,2,T11,T05
super_cup,league,4,2,토,11,T01,T06,4,7,T06,T01
super_cup,league,4,2,토,12,T08,T07,11,5,T08,T07
super_cup,league,5,2,일,13,T11,T01,6,1,T11,T01
super_cup,league,5,2,일,14,T05,T08,1,12,T08,T05
super_cup,league,5,2,일,15,T06,T07,4,3,T06,T07
acl,ACL1_po,PO,3,수,1,IRQ_E_FC2,IRN_C_FC3,5,10,IRN_C_FC3,IRQ_E_FC2
acl,ACL1_po,PO,3,수,2,JOR_F_FC2,UAE_B_FC4,2,7,UAE_B_FC4,JOR_F_FC2
acl,ACL2_po,PO,3,수,1,OMA_I_FC2,BHR_H_FC2,0,2,BHR_H_FC2,OMA_I_FC2
acl,ACL2_po,PO,3,수,2,KUW_K_FC,UZB_G_FC3,4,8,UZB_G_FC3,KUW_K_FC
acl,ACL1_po,PO,3,수,1,SGP_E_FC2,T01,0,4,T01,SGP_E_FC2
acl,ACL1_po,PO,3,수,2,VIE_H_FC3,THA_C_FC3,3,1,VIE_H_FC3,THA_C_FC3
acl,ACL2_po,PO,3,수,1,PHI_K_FC,AUS_H_FC2,6,0,PHI_K_FC,AUS_H_FC2
acl,ACL2_po,PO,3,수,2,HKG_I_FC2,MAS_G_FC3,9,4,HKG_I_FC2,MAS_G_FC3
acl,ACL1_group,1,4,수,1,UAE_B_FC2,KSA_A_FC3,5,4,UAE_B_FC2,KSA_A_FC3
acl,ACL1_group,1,4,수,2,QAT_D_FC,IRN_C_FC2,1,8,IRN_C_FC2,QAT_D_FC
acl,ACL1_group,2,6,수,3,IRN_C_FC2,UAE_B_FC2,0,5,UAE_B_FC2,IRN_C_FC2
acl,ACL1_group,2,6,수,4,KSA_A_FC3,QAT_D_FC,3,8,QAT_D_FC,KSA_A_FC3
acl,ACL1_group,3,8,수,5,UAE_B_FC2,QAT_D_FC,2,3,QAT_D_FC,UAE_B_FC2
acl,ACL1_group,3,8,수,6,KSA_A_FC3,IRN_C_FC2,3,3,,
acl,ACL1_group,4,10,수,7,KSA_A_FC3,UAE_B_FC2,3,2,KSA_A_FC3,UAE_B_FC2
acl,ACL1_group,4,10,수,8,IRN_C_FC2,QAT_D_FC,4,4,,
acl,ACL1_group,5,12,수,9,QAT_D_FC,UAE_B_FC2,6,5,QAT_D_FC,UAE_B_FC2
acl,ACL1_group,5,12,수,10,IRN_C_FC2,KSA_A_FC3,8,2,IRN_C_FC2,KSA_A_FC3
acl,ACL1_group,6,14,수,11,UAE_B_FC2,IRN_C_FC2,4,7,IRN_C_FC2,UAE_B_FC2
acl,ACL1_group,6,14,수,12,QAT_D_FC,KSA_A_FC3,11,5,QAT_D_FC,KSA_A_FC3
acl,ACL1_group,1,4,수,13,UAE_B_FC,KSA_A_FC2,6,1,UAE_B_FC,KSA_A_FC2
acl,ACL1_group,1,4,수,14,IRN_C_FC3,JOR_F_FC,1,12,JOR_F_FC,IRN_C_FC3
acl,ACL1_group,2,6,수,15,JOR_F_FC,UAE_B_FC,4,3,JOR_F_FC,UAE_B_FC
acl,ACL1_group,2,6,수,16,KSA_A_FC2,IRN_C_FC3,4,2,KSA_A_FC2,IRN_C_FC3
acl,ACL1_group,3,8,수,17,UAE_B_FC,IRN_C_FC3,8,4,UAE_B_FC,IRN_C_FC3
acl,ACL1_group,3,8,수,18,KSA_A_FC2,JOR_F_FC,6,6,,
acl,ACL1_group,4,10,수,19,KSA_A_FC2,UAE_B_FC,0,9,UAE_B_FC,KSA_A_FC2
acl,ACL1_group,4,10,수,20,JOR_F_FC,IRN_C_FC3,8,9,IRN_C_FC3,JOR_F_FC
acl,ACL1_group,5,12,수,21,IRN_C_FC3,UAE_B_FC,8,7,IRN_C_FC3,UAE_B_FC
acl,ACL1_group,5,12,수,22,JOR_F_FC,KSA_A_FC2,8,2,JOR_F_FC,KSA_A_FC2
acl,ACL1_group,6,14,수,23,UAE_B_FC,JOR_F_FC,6,4,UAE_B_FC,JOR_F_FC
acl,ACL1_group,6,14,수,24,IRN_C_FC3,KSA_A_FC2,5,2,IRN_C_FC3,KSA_A_FC2
acl,ACL1_group,1,4,수,25,UAE_B_FC3,KSA_A_FC4,1,2,KSA_A_FC4,UAE_B_FC3
acl,ACL1_group,1,4,수,26,QAT_D_FC22,IRN_C_FC,4,0,QAT_D_FC22,IRN_C_FC
acl,ACL1_group,2,6,수,27,IRN_C_FC,UAE_B_FC3,9,8,IRN_C_FC,UAE_B_FC3
acl,ACL1_group,2,6,수,28,KSA_A_FC4,QAT_D_FC22,2,4,QAT_D_FC22,KSA_A_FC4
acl,ACL1_group,3,8,수,29,UAE_B_FC3,QAT_D_FC22,6,4,UAE_B_FC3,QAT_D_FC22
acl,ACL1_group,3,8,수,30,KSA_A_FC4,IRN_C_FC,6,4,KSA_A_FC4,IRN_C_FC
acl,ACL1_group,4,10,수,31,KSA_A_FC4,UAE_B_FC3,8,5,KSA_A_FC4,UAE_B_FC3
acl,ACL1_group,4,10,수,32,IRN_C_FC,QAT_D_FC22,6,4,IRN_C_FC,QAT_D_FC22
acl,ACL1_group,5,12,수,33,QAT_D_FC22,UAE_B_FC3,2,2,,
acl,ACL1_group,5,12,수,34,IRN_C_FC,KSA_A_FC4,5,5,,
acl,ACL1_group,6,14,수,35,UAE_B_FC3,IRN_C_FC,8,3,UAE_B_FC3,IRN_C_FC
acl,ACL1_group,6,14,수,36,QAT_D_FC22,KSA_A_FC4,2,2,,
acl,ACL1_group,1,4,수,37,UAE_B_FC4,KSA_A_FC,0,6,KSA_A_FC,UAE_B_FC4
acl,ACL1_group,1,4,수,38,QAT_D_FC2,IRQ_E_FC,2,4,IRQ_E_FC,QAT_D_FC2
acl,ACL1_group,2,6,수,39,IRQ_E_FC,UAE_B_FC4,3,8,UAE_B_FC4,IRQ_E_FC
acl,ACL1_group,2,6,수,40,KSA_A_FC,QAT_D_FC2,1,2,QAT_D_FC2,KSA_A_FC
acl,ACL1_group,3,8,수,41,UAE_B_FC4,QAT_D_FC2,6,4,UAE_B_FC4,QAT_D_FC2
acl,ACL1_group,3,8,수,42,KSA_A_FC,IRQ_E_FC,7,5,KSA_A_FC,IRQ_E_FC
acl,ACL1_group,4,10,수,43,KSA_A_FC,UAE_B_FC4,13,11,KSA_A_FC,UAE_B_FC4
acl,ACL1_group,4,10,수,44,IRQ_E_FC,QAT_D_FC2,4,6,QAT_D_FC2,IRQ_E_FC
acl,ACL1_group,5,12,수,45,QAT_D_FC2,UAE_B_FC4,2,1,QAT_D_FC2,UAE_B_FC4
acl,ACL1_group,5,12,수,46,IRQ_E_FC,KSA_A_FC,10,4,IRQ_E_FC,KSA_A_FC
acl,ACL1_group,6,14,수,47,UAE_B_FC4,IRQ_E_FC,5,4,UAE_B_FC4,IRQ_E_FC
acl,ACL1_group,6,14,수,48,QAT_D_FC2,KSA_A_FC,13,0,QAT_D_FC2,KSA_A_FC
acl,ACL1_group,1,4,수,49,JPN_A_FC22,T06,1,8,T06,JPN_A_FC22
acl,ACL1_group,1,4,수,50,CHN_D_FC,VIE_H_FC3,0,6,VIE_H_FC3,CHN_D_FC
acl,ACL1_group,2,6,수,51,VIE_H_FC3,JPN_A_FC22,6,5,VIE_H_FC3,JPN_A_FC22
acl,ACL1_group,2,6,수,52,T06,CHN_D_FC,6,7,CHN_D_FC,T06
acl,ACL1_group,3,8,수,53,JPN_A_FC22,CHN_D_FC,0,9,CHN_D_FC,JPN_A_FC22
acl,ACL1_group,3,8,수,54,T06,VIE_H_FC3,6,5,T06,VIE_H_FC3
acl,ACL1_group,4,10,수,55,T06,JPN_A_FC22,5,1,T06,JPN_A_FC22
acl,ACL1_group,4,10,수,56,VIE_H_FC3,CHN_D_FC,2,2,,
acl,ACL1_group,5,12,수,57,CHN_D_FC,JPN_A_FC22,3,5,JPN_A_FC22,CHN_D_FC
acl,ACL1_group,5,12,수,58,VIE_H_FC3,T06,4,6,T06,VIE_H_FC3
acl,ACL1_group,6,14,수,59,JPN_A_FC22,VIE_H_FC3,2,5,VIE_H_FC3,JPN_A_FC22
acl,ACL1_group,6,14,수,60,CHN_D_FC,T06,2,5,T06,CHN_D_FC
acl,ACL1_group,1,4,수,61,JPN_A_FC2,T01,5,4,JPN_A_FC2,T01
acl,ACL1_group,1,4,수,62,THA_C_FC,VIE_F_FC,2,1,THA_C_FC,VIE_F_FC
acl,ACL1_group,2,6,수,63,VIE_F_FC,JPN_A_FC2,3,2,VIE_F_FC,JPN_A_FC2
acl,ACL1_group,2,6,수,64,T01,THA_C_FC,1,8,THA_C_FC,T01
acl,ACL1_group,3,8,수,65,JPN_A_FC2,THA_C_FC,2,4,THA_C_FC,JPN_A_FC2
acl,ACL1_group,3,8,수,66,T01,VIE_F_FC,2,1,T01,VIE_F_FC
acl,ACL1_group,4,10,수,67,T01,JPN_A_FC2,8,9,JPN_A_FC2,T01
acl,ACL1_group,4,10,수,68,VIE_F_FC,THA_C_FC,4,3,VIE_F_FC,THA_C_FC
acl,ACL1_group,5,12,수,69,THA_C_FC,JPN_A_FC2,1,3,JPN_A_FC2,THA_C_FC
acl,ACL1_group,5,12,수,70,VIE_F_FC,T01,9,0,VIE_F_FC,T01
acl,ACL1_group,6,14,수,71,JPN_A_FC2,VIE_F_FC,1,3,VIE_F_FC,JPN_A_FC2
acl,ACL1_group,6,14,수,72,THA_C_FC,T01,1,3,T01,THA_C_FC
acl,ACL1_group,1,4,수,73,JPN_A_FC4,T08,1,8,T08,JPN_A_FC4
acl,ACL1_group,1,4,수,74,THA_C_FC2,CHN_D_FC2,3,6,CHN_D_FC2,THA_C_FC2
acl,ACL1_group,2,6,수,75,CHN_D_FC2,JPN_A_FC4,6,10,JPN_A_FC4,CHN_D_FC2
acl,ACL1_group,2,6,수,76,T08,THA_C_FC2,0,5,THA_C_FC2,T08
acl,ACL1_group,3,8,수,77,JPN_A_FC4,THA_C_FC2,0,6,THA_C_FC2,JPN_A_FC4
acl,ACL1_group,3,8,수,78,T08,CHN_D_FC2,2,4,CHN_D_FC2,T08
acl,ACL1_group,4,10,수,79,T08,JPN_A_FC4,7,6,T08,JPN_A_FC4
acl,ACL1_group,4,10,수,80,CHN_D_FC2,THA_C_FC2,3,5,THA_C_FC2,CHN_D_FC2
acl,ACL1_group,5,12,수,81,THA_C_FC2,JPN_A_FC4,5,16,JPN_A_FC4,THA_C_FC2
acl,ACL1_group,5,12,수,82,CHN_D_FC2,T08,2,7,T08,CHN_D_FC2
acl,ACL1_group,6,14,수,83,JPN_A_FC4,CHN_D_FC2,0,1,CHN_D_FC2,JPN_A_FC4
acl,ACL1_group,6,14,수,84,THA_C_FC2,T08,6,6,,
acl,ACL1_group,1,4,수,85,JPN_A_FC,JPN_A_FC3,3,6,JPN_A_FC3,JPN_A_FC
acl,ACL1_group,1,4,수,86,T11,SGP_E_FC,5,2,T11,SGP_E_FC
acl,ACL1_group,2,6,수,87,SGP_E_FC,JPN_A_FC,4,1,SGP_E_FC,JPN_A_FC
acl,ACL1_group,2,6,수,88,JPN_A_FC3,T11,7,5,JPN_A_FC3,T11
acl,ACL1_group,3,8,수,89,JPN_A_FC,T11,1,2,T11,JPN_A_FC
acl,ACL1_group,3,8,수,90,JPN_A_FC3,SGP_E_FC,6,2,JPN_A_FC3,SGP_E_FC
acl,ACL1_group,4,10,수,91,JPN_A_FC3,JPN_A_FC,4,0,JPN_A_FC3,JPN_A_FC
acl,ACL1_group,4,10,수,92,SGP_E_FC,T11,8,3,SGP_E_FC,T11
acl,ACL1_group,5,12,수,93,T11,JPN_A_FC,3,2,T11,JPN_A_FC
acl,ACL1_group,5,12,수,94,SGP_E_FC,JPN_A_FC3,4,5,JPN_A_FC3,SGP_E_FC
acl,ACL1_group,6,14,수,95,JPN_A_FC,SGP_E_FC,3,2,JPN_A_FC,SGP_E_FC
acl,ACL1_group,6,14,수,96,T11,JPN_A_FC3,2,2,,
acl,ACL1_r16,R16,19,수,1,QAT_D_FC,JOR_F_FC,1,6,JOR_F_FC,QAT_D_FC
acl,ACL1_r16,R16,20,수,1,JOR_F_FC,QAT_D_FC,10,8,JOR_F_FC,QAT_D_FC
acl,ACL1_r16,R16,19,수,2,UAE_B_FC,IRN_C_FC2,11,6,UAE_B_FC,IRN_C_FC2
acl,ACL1_r16,R16,20,수,2,IRN_C_FC2,UAE_B_FC,6,2,IRN_C_FC2,UAE_B_FC
acl,ACL1_r16,R16,19,수,3,KSA_A_FC4,UAE_B_FC4,5,1,KSA_A_FC4,UAE_B_FC4
acl,ACL1_r16,R16,20,수,3,UAE_B_FC4,KSA_A_FC4,5,2,UAE_B_FC4,KSA_A_FC4
acl,ACL1_r16,R16,19,수,4,QAT_D_FC2,QAT_D_FC22,6,4,QAT_D_FC2,QAT_D_FC22
acl,ACL1_r16,R16,20,수,4,QAT_D_FC22,QAT_D_FC2,8,3,QAT_D_FC22,QAT_D_FC2
acl,ACL1_qf,QF,23,수,1,JOR_F_FC,QAT_D_FC22,3,5,QAT_D_FC22,JOR_F_FC
acl,ACL1_qf,QF,24,수,1,QAT_D_FC22,JOR_F_FC,9,4,QAT_D_FC22,JOR_F_FC
acl,ACL1_qf,QF,23,수,2,KSA_A_FC4,UAE_B_FC,3,0,KSA_A_FC4,UAE_B_FC
acl,ACL1_qf,QF,24,수,2,UAE_B_FC,KSA_A_FC4,3,13,KSA_A_FC4,UAE_B_FC
acl,ACL1_sf,SF,27,수,1,QAT_D_FC22,KSA_A_FC4,3,9,KSA_A_FC4,QAT_D_FC22
acl,ACL1_sf,SF,28,수,1,KSA_A_FC4,QAT_D_FC22,9,1,KSA_A_FC4,QAT_D_FC22
acl,ACL1_r16,R16,19,수,1,T06,THA_C_FC,2,0,T06,THA_C_FC
acl,ACL1_r16,R16,20,수,1,THA_C_FC,T06,3,6,T06,THA_C_FC
acl,ACL1_r16,R16,19,수,2,VIE_F_FC,VIE_H_FC3,4,6,VIE_H_FC3,VIE_F_FC
acl,ACL1_r16,R16,20,수,2,VIE_H_FC3,VIE_F_FC,2,12,VIE_F_FC,VIE_H_FC3
acl,ACL1_r16,R16,19,수,3,T08,T11,4,6,T11,T08
acl,ACL1_r16,R16,20,수,3,T11,T08,13,4,T11,T08
acl,ACL1_r16,R16,19,수,4,JPN_A_FC3,THA_C_FC2,5,3,JPN_A_FC3,THA_C_FC2
acl,ACL1_r16,R16,20,수,4,THA_C_FC2,JPN_A_FC3,3,3,JPN_A_FC3,THA_C_FC2
acl,ACL1_qf,QF,23,화,1,T06,JPN_A_FC3,12,11,T06,JPN_A_FC3
acl,ACL1_qf,QF,24,수,1,JPN_A_FC3,T06,4,5,T06,JPN_A_FC3
acl,ACL1_qf,QF,23,수,2,T11,VIE_F_FC,1,0,T11,VIE_F_FC
acl,ACL1_qf,QF,24,수,2,VIE_F_FC,T11,6,4,VIE_F_FC,T11
acl,ACL1_sf,SF,27,화,1,T06,VIE_F_FC,0,1,VIE_F_FC,T06
acl,ACL1_sf,SF,28,수,1,VIE_F_FC,T06,8,5,VIE_F_FC,T06
acl,ACL1_final,Final,32,토,1,KSA_A_FC4,VIE_F_FC,0,8,VIE_F_FC,KSA_A_FC4
acl,ACL2_group,1,4,수,1,UZB_G_FC3,IRQ_E_FC3,1,4,IRQ_E_FC3,UZB_G_FC3
acl,ACL2_group,1,4,수,2,QAT_D_FC3,UAE_B_FC5,7,7,,
acl,ACL2_group,2,6,수,3,UAE_B_FC5,UZB_G_FC3,3,0,UAE_B_FC5,UZB_G_FC3
acl,ACL2_group,2,6,수,4,IRQ_E_FC3,QAT_D_FC3,5,1,IRQ_E_FC3,QAT_D_FC3
acl,ACL2_group,3,8,수,5,UZB_G_FC3,QAT_D_FC3,5,4,UZB_G_FC3,QAT_D_FC3
acl,ACL2_group,3,8,수,6,IRQ_E_FC3,UAE_B_FC5,5,1,IRQ_E_FC3,UAE_B_FC5
acl,ACL2_group,4,10,수,7,IRQ_E_FC3,UZB_G_FC3,5,5,,
acl,ACL2_group,4,10,수,8,UAE_B_FC5,QAT_D_FC3,4,6,QAT_D_FC3,UAE_B_FC5
acl,ACL2_group,5,12,수,9,QAT_D_FC3,UZB_G_FC3,12,7,QAT_D_FC3,UZB_G_FC3
acl,ACL2_group,5,12,수,10,UAE_B_FC5,IRQ_E_FC3,6,1,UAE_B_FC5,IRQ_E_FC3
acl,ACL2_group,6,14,수,11,UZB_G_FC3,UAE_B_FC5,4,12,UAE_B_FC5,UZB_G_FC3
acl,ACL2_group,6,14,수,12,QAT_D_FC3,IRQ_E_FC3,6,2,QAT_D_FC3,IRQ_E_FC3
acl,ACL2_group,1,4,수,13,IRQ_E_FC2,JOR_F_FC22,2,1,IRQ_E_FC2,JOR_F_FC22
acl,ACL2_group,1,4,수,14,BHR_H_FC,KSA_A_FC5,5,3,BHR_H_FC,KSA_A_FC5
acl,ACL2_group,2,6,수,15,KSA_A_FC5,IRQ_E_FC2,2,2,,
acl,ACL2_group,2,6,수,16,JOR_F_FC22,BHR_H_FC,3,5,BHR_H_FC,JOR_F_FC22
acl,ACL2_group,3,8,수,17,IRQ_E_FC2,BHR_H_FC,1,4,BHR_H_FC,IRQ_E_FC2
acl,ACL2_group,3,8,수,18,JOR_F_FC22,KSA_A_FC5,3,4,KSA_A_FC5,JOR_F_FC22
acl,ACL2_group,4,10,수,19,JOR_F_FC22,IRQ_E_FC2,2,1,JOR_F_FC22,IRQ_E_FC2
acl,ACL2_group,4,10,수,20,KSA_A_FC5,BHR_H_FC,2,1,KSA_A_FC5,BHR_H_FC
acl,ACL2_group,5,12,수,21,BHR_H_FC,IRQ_E_FC2,9,8,BHR_H_FC,IRQ_E_FC2
acl,ACL2_group,5,12,수,22,KSA_A_FC5,JOR_F_FC22,6,7,JOR_F_FC22,KSA_A_FC5
acl,ACL2_group,6,14,수,23,IRQ_E_FC2,KSA_A_FC5,3,4,KSA_A_FC5,IRQ_E_FC2
acl,ACL2_group,6,14,수,24,BHR_H_FC,JOR_F_FC22,3,5,JOR_F_FC22,BHR_H_FC
acl,ACL2_group,1,4,수,25,UZB_G_FC2,BHR_H_FC2,1,1,,
acl,ACL2_group,1,4,수,26,KGZ_P_FC,OMA_I_FC,10,7,KGZ_P_FC,OMA_I_FC
acl,ACL2_group,2,6,수,27,OMA_I_FC,UZB_G_FC2,3,2,OMA_I_FC,UZB_G_FC2
acl,ACL2_group,2,6,수,28,BHR_H_FC2,KGZ_P_FC,7,1,BHR_H_FC2,KGZ_P_FC
acl,ACL2_group,3,8,수,29,UZB_G_FC2,KGZ_P_FC,7,8,KGZ_P_FC,UZB_G_FC2
acl,ACL2_group,3,8,수,30,BHR_H_FC2,OMA_I_FC,4,7,OMA_I_FC,BHR_H_FC2
acl,ACL2_group,4,10,수,31,BHR_H_FC2,UZB_G_FC2,4,4,,
acl,ACL2_group,4,10,수,32,OMA_I_FC,KGZ_P_FC,11,2,OMA_I_FC,KGZ_P_FC
acl,ACL2_group,5,12,수,33,KGZ_P_FC,UZB_G_FC2,7,10,UZB_G_FC2,KGZ_P_FC
acl,ACL2_group,5,12,수,34,OMA_I_FC,BHR_H_FC2,4,2,OMA_I_FC,BHR_H_FC2
acl,ACL2_group,6,14,수,35,UZB_G_FC2,OMA_I_FC,6,2,UZB_G_FC2,OMA_I_FC
acl,ACL2_group,6,14,수,36,KGZ_P_FC,BHR_H_FC2,3,3,,
acl,ACL2_group,1,4,수,37,UZB_G_FC,JOR_F_FC2,1,7,JOR_F_FC2,UZB_G_FC
acl,ACL2_group,1,4,수,38,IND_J_FC,IRN_C_FC4,6,11,IRN_C_FC4,IND_J_FC
acl,ACL2_group,2,6,수,39,IRN_C_FC4,UZB_G_FC,4,5,UZB_G_FC,IRN_C_FC4
acl,ACL2_group,2,6,수,40,JOR_F_FC2,IND_J_FC,2,1,JOR_F_FC2,IND_J_FC
acl,ACL2_group,3,8,수,41,UZB_G_FC,IND_J_FC,9,6,UZB_G_FC,IND_J_FC
acl,ACL2_group,3,8,수,42,JOR_F_FC2,IRN_C_FC4,10,1,JOR_F_FC2,IRN_C_FC4
acl,ACL2_group,4,10,수,43,JOR_F_FC2,UZB_G_FC,1,3,UZB_G_FC,JOR_F_FC2
acl,ACL2_group,4,10,수,44,IRN_C_FC4,IND_J_FC,6,16,IND_J_FC,IRN_C_FC4
acl,ACL2_group,5,12,수,45,IND_J_FC,UZB_G_FC,1,2,UZB_G_FC,IND_J_FC
acl,ACL2_group,5,12,수,46,IRN_C_FC4,JOR_F_FC2,7,5,IRN_C_FC4,JOR_F_FC2
acl,ACL2_group,6,14,수,47,UZB_G_FC,IRN_C_FC4,2,11,IRN_C_FC4,UZB_G_FC
acl,ACL2_group,6,14,수,48,IND_J_FC,JOR_F_FC2,2,0,IND_J_FC,JOR_F_FC2
acl,ACL2_group,1,4,수,49,THA_C_FC4,MAS_G_FC,6,10,MAS_G_FC,THA_C_FC4
acl,ACL2_group,1,4,수,50,PHI_K_FC,VIE_F_FC2,6,6,,
acl,ACL2_group,2,6,수,51,VIE_F_FC2,THA_C_FC4,6,5,VIE_F_FC2,THA_C_FC4
acl,ACL2_group,2,6,수,52,MAS_G_FC,PHI_K_FC,5,0,MAS_G_FC,PHI_K_FC
acl,ACL2_group,3,8,수,53,THA_C_FC4,PHI_K_FC,1,2,PHI_K_FC,THA_C_FC4
acl,ACL2_group,3,8,수,54,MAS_G_FC,VIE_F_FC2,2,1,MAS_G_FC,VIE_F_FC2
acl,ACL2_group,4,10,수,55,MAS_G_FC,THA_C_FC4,5,9,THA_C_FC4,MAS_G_FC
acl,ACL2_group,4,10,수,56,VIE_F_FC2,PHI_K_FC,6,5,VIE_F_FC2,PHI_K_FC
acl,ACL2_group,5,12,수,57,PHI_K_FC,THA_C_FC4,3,6,THA_C_FC4,PHI_K_FC
acl,ACL2_group,5,12,수,58,VIE_F_FC2,MAS_G_FC,3,2,VIE_F_FC2,MAS_G_FC
acl,ACL2_group,6,14,수,59,THA_C_FC4,VIE_F_FC2,5,11,VIE_F_FC2,THA_C_FC4
acl,ACL2_group,6,14,수,60,PHI_K_FC,MAS_G_FC,1,5,MAS_G_FC,PHI_K_FC
acl,ACL2_group,1,4,수,61,HKG_I_FC,MAS_G_FC2,5,8,MAS_G_FC2,HKG_I_FC
acl,ACL2_group,1,4,수,62,CHN_D_FC3,NMI_T_FC,1,4,NMI_T_FC,CHN_D_FC3
acl,ACL2_group,2,6,수,63,NMI_T_FC,HKG_I_FC,4,1,NMI_T_FC,HKG_I_FC
acl,ACL2_group,2,6,수,64,MAS_G_FC2,CHN_D_FC3,2,5,CHN_D_FC3,MAS_G_FC2
acl,ACL2_group,3,8,수,65,HKG_I_FC,CHN_D_FC3,3,5,CHN_D_FC3,HKG_I_FC
acl,ACL2_group,3,8,수,66,MAS_G_FC2,NMI_T_FC,1,5,NMI_T_FC,MAS_G_FC2
acl,ACL2_group,4,10,수,67,MAS_G_FC2,HKG_I_FC,2,6,HKG_I_FC,MAS_G_FC2
acl,ACL2_group,4,10,수,68,NMI_T_FC,CHN_D_FC3,2,2,,
acl,ACL2_group,5,12,수,69,CHN_D_FC3,HKG_I_FC,8,5,CHN_D_FC3,HKG_I_FC
acl,ACL2_group,5,12,수,70,NMI_T_FC,MAS_G_FC2,2,3,MAS_G_FC2,NMI_T_FC
acl,ACL2_group,6,14,수,71,HKG_I_FC,NMI_T_FC,2,4,NMI_T_FC,HKG_I_FC
acl,ACL2_group,6,14,수,72,CHN_D_FC3,MAS_G_FC2,8,4,CHN_D_FC3,MAS_G_FC2
acl,ACL2_group,1,4,수,73,THA_C_FC3,SGP_E_FC2,2,6,SGP_E_FC2,THA_C_FC3
acl,ACL2_group,1,4,수,74,AUS_H_FC,JPN_A_FC5,1,9,JPN_A_FC5,AUS_H_FC
acl,ACL2_group,2,6,수,75,JPN_A_FC5,THA_C_FC3,7,6,JPN_A_FC5,THA_C_FC3
acl,ACL2_group,2,6,수,76,SGP_E_FC2,AUS_H_FC,1,0,SGP_E_FC2,AUS_H_FC
acl,ACL2_group,3,8,수,77,THA_C_FC3,AUS_H_FC,3,7,AUS_H_FC,THA_C_FC3
acl,ACL2_group,3,8,수,78,SGP_E_FC2,JPN_A_FC5,4,3,SGP_E_FC2,JPN_A_FC5
acl,ACL2_group,4,10,수,79,SGP_E_FC2,THA_C_FC3,2,3,THA_C_FC3,SGP_E_FC2
acl,ACL2_group,4,10,수,80,JPN_A_FC5,AUS_H_FC,8,10,AUS_H_FC,JPN_A_FC5
acl,ACL2_group,5,12,수,81,AUS_H_FC,THA_C_FC3,11,2,AUS_H_FC,THA_C_FC3
acl,ACL2_group,5,12,수,82,JPN_A_FC5,SGP_E_FC2,5,3,JPN_A_FC5,SGP_E_FC2
acl,ACL2_group,6,14,수,83,THA_C_FC3,JPN_A_FC5,7,5,THA_C_FC3,JPN_A_FC5
acl,ACL2_group,6,14,수,84,AUS_H_FC,SGP_E_FC2,6,1,AUS_H_FC,SGP_E_FC2
acl,ACL2_group,1,4,수,85,HKG_I_FC2,SGP_E_FC3,4,6,SGP_E_FC3,HKG_I_FC2
acl,ACL2_group,1,4,수,86,CAM_J_FC,T07,2,8,T07,CAM_J_FC
acl,ACL2_group,2,6,수,87,T07,HKG_I_FC2,5,1,T07,HKG_I_FC2
acl,ACL2_group,2,6,수,88,SGP_E_FC3,CAM_J_FC,6,7,CAM_J_FC,SGP_E_FC3
acl,ACL2_group,3,8,수,89,HKG_I_FC2,CAM_J_FC,5,7,CAM_J_FC,HKG_I_FC2
acl,ACL2_group,3,8,수,90,SGP_E_FC3,T07,8,3,SGP_E_FC3,T07
acl,ACL2_group,4,10,수,91,SGP_E_FC3,HKG_I_FC2,10,10,,
acl,ACL2_group,4,10,수,92,T07,CAM_J_FC,2,9,CAM_J_FC,T07
acl,ACL2_group,5,12,수,93,CAM_J_FC,HKG_I_FC2,3,0,CAM_J_FC,HKG_I_FC2
acl,ACL2_group,5,12,수,94,T07,SGP_E_FC3,8,10,SGP_E_FC3,T07
acl,ACL2_group,6,14,수,95,HKG_I_FC2,T07,1,0,HKG_I_FC2,T07
acl,ACL2_group,6,14,수,96,CAM_J_FC,SGP_E_FC3,5,5,,
acl,ACL2_r16,R16,19,수,1,UAE_B_FC5,KSA_A_FC5,8,8,,
acl,ACL2_r16,R16,20,수,1,KSA_A_FC5,UAE_B_FC5,0,2,UAE_B_FC5,KSA_A_FC5
acl,ACL2_r16,R16,19,수,2,BHR_H_FC,QAT_D_FC3,4,4,,
acl,ACL2_r16,R16,20,수,2,QAT_D_FC3,BHR_H_FC,0,5,BHR_H_FC,QAT_D_FC3
acl,ACL2_r16,R16,19,수,3,OMA_I_FC,JOR_F_FC2,1,0,OMA_I_FC,JOR_F_FC2
acl,ACL2_r16,R16,20,수,3,JOR_F_FC2,OMA_I_FC,5,8,OMA_I_FC,JOR_F_FC2
acl,ACL2_r16,R16,19,수,4,UZB_G_FC,UZB_G_FC2,3,7,UZB_G_FC2,UZB_G_FC
acl,ACL2_r16,R16,20,수,4,UZB_G_FC2,UZB_G_FC,8,4,UZB_G_FC2,UZB_G_FC
acl,ACL2_qf,QF,23,수,1,UAE_B_FC5,UZB_G_FC2,0,2,UZB_G_FC2,UAE_B_FC5
acl,ACL2_qf,QF,24,수,1,UZB_G_FC2,UAE_B_FC5,8,5,UZB_G_FC2,UAE_B_FC5
acl,ACL2_qf,QF,23,수,2,OMA_I_FC,BHR_H_FC,6,1,OMA_I_FC,BHR_H_FC
acl,ACL2_qf,QF,24,수,2,BHR_H_FC,OMA_I_FC,0,8,OMA_I_FC,BHR_H_FC
acl,ACL2_sf,SF,27,수,1,UZB_G_FC2,OMA_I_FC,7,2,UZB_G_FC2,OMA_I_FC
acl,ACL2_sf,SF,28,수,1,OMA_I_FC,UZB_G_FC2,5,6,UZB_G_FC2,OMA_I_FC
acl,ACL2_r16,R16,19,수,1,VIE_F_FC2,CHN_D_FC3,1,7,CHN_D_FC3,VIE_F_FC2
acl,ACL2_r16,R16,20,수,1,CHN_D_FC3,VIE_F_FC2,1,4,VIE_F_FC2,CHN_D_FC3
acl,ACL2_r16,R16,19,수,2,NMI_T_FC,MAS_G_FC,3,7,MAS_G_FC,NMI_T_FC
acl,ACL2_r16,R16,20,수,2,MAS_G_FC,NMI_T_FC,4,1,MAS_G_FC,NMI_T_FC
acl,ACL2_r16,R16,19,수,3,AUS_H_FC,SGP_E_FC3,5,2,AUS_H_FC,SGP_E_FC3
acl,ACL2_r16,R16,20,수,3,SGP_E_FC3,AUS_H_FC,3,4,AUS_H_FC,SGP_E_FC3
acl,ACL2_r16,R16,19,수,4,CAM_J_FC,JPN_A_FC5,4,5,JPN_A_FC5,CAM_J_FC
acl,ACL2_r16,R16,20,수,4,JPN_A_FC5,CAM_J_FC,2,1,JPN_A_FC5,CAM_J_FC
acl,ACL2_qf,QF,23,수,1,CHN_D_FC3,JPN_A_FC5,1,5,JPN_A_FC5,CHN_D_FC3
acl,ACL2_qf,QF,24,수,1,JPN_A_FC5,CHN_D_FC3,1,2,CHN_D_FC3,JPN_A_FC5
acl,ACL2_qf,QF,23,수,2,AUS_H_FC,MAS_G_FC,7,3,AUS_H_FC,MAS_G_FC
acl,ACL2_qf,QF,24,수,2,MAS_G_FC,AUS_H_FC,5,2,MAS_G_FC,AUS_H_FC
acl,ACL2_sf,SF,27,수,1,JPN_A_FC5,AUS_H_FC,6,5,JPN_A_FC5,AUS_H_FC
acl,ACL2_sf,SF,28,수,1,AUS_H_FC,JPN_A_FC5,1,6,JPN_A_FC5,AUS_H_FC
acl,ACL2_final,Final,32,토,1,UZB_G_FC2,JPN_A_FC5,3,5,JPN_A_FC5,UZB_G_FC2
acl,ACL3_group,1,4,수,1,KUW_K_FC,IND_J_FC2,7,7,,
acl,ACL3_group,1,4,수,2,SYR_R_FC,BHR_H_FC3,7,2,SYR_R_FC,BHR_H_FC3
acl,ACL3_group,2,6,수,3,BHR_H_FC3,KUW_K_FC,14,3,BHR_H_FC3,KUW_K_FC
acl,ACL3_group,2,6,수,4,IND_J_FC2,SYR_R_FC,6,4,IND_J_FC2,SYR_R_FC
acl,ACL3_group,3,8,수,5,KUW_K_FC,SYR_R_FC,5,4,KUW_K_FC,SYR_R_FC
acl,ACL3_group,3,8,수,6,IND_J_FC2,BHR_H_FC3,2,3,BHR_H_FC3,IND_J_FC2
acl,ACL3_group,4,10,수,7,IND_J_FC2,KUW_K_FC,2,1,IND_J_FC2,KUW_K_FC
acl,ACL3_group,4,10,수,8,BHR_H_FC3,SYR_R_FC,0,4,SYR_R_FC,BHR_H_FC3
acl,ACL3_group,5,12,수,9,SYR_R_FC,KUW_K_FC,6,1,SYR_R_FC,KUW_K_FC
acl,ACL3_group,5,12,수,10,BHR_H_FC3,IND_J_FC2,13,6,BHR_H_FC3,IND_J_FC2
acl,ACL3_group,6,14,수,11,KUW_K_FC,BHR_H_FC3,8,2,KUW_K_FC,BHR_H_FC3
acl,ACL3_group,6,14,수,12,SYR_R_FC,IND_J_FC2,0,0,,
acl,ACL3_group,1,4,수,13,TKM_L_FC,OMA_I_FC2,5,4,TKM_L_FC,OMA_I_FC2
acl,ACL3_group,1,4,수,14,BHU_Q_FC,BGD_P_FC,9,2,BHU_Q_FC,BGD_P_FC
acl,ACL3_group,2,6,수,15,BGD_P_FC,TKM_L_FC,6,5,BGD_P_FC,TKM_L_FC
acl,ACL3_group,2,6,수,16,OMA_I_FC2,BHU_Q_FC,1,7,BHU_Q_FC,OMA_I_FC2
acl,ACL3_group,3,8,수,17,TKM_L_FC,BHU_Q_FC,7,4,TKM_L_FC,BHU_Q_FC
acl,ACL3_group,3,8,수,18,OMA_I_FC2,BGD_P_FC,2,4,BGD_P_FC,OMA_I_FC2
acl,ACL3_group,4,10,수,19,OMA_I_FC2,TKM_L_FC,1,11,TKM_L_FC,OMA_I_FC2
acl,ACL3_group,4,10,수,20,BGD_P_FC,BHU_Q_FC,3,10,BHU_Q_FC,BGD_P_FC
acl,ACL3_group,5,12,수,21,BHU_Q_FC,TKM_L_FC,9,0,BHU_Q_FC,TKM_L_FC
acl,ACL3_group,5,12,수,22,BGD_P_FC,OMA_I_FC2,10,7,BGD_P_FC,OMA_I_FC2
acl,ACL3_group,6,14,수,23,TKM_L_FC,BGD_P_FC,5,0,TKM_L_FC,BGD_P_FC
acl,ACL3_group,6,14,수,24,BHU_Q_FC,OMA_I_FC2,5,6,OMA_I_FC2,BHU_Q_FC
acl,ACL3_group,1,4,수,25,PLE_V_FC,TJK_M_FC,4,1,PLE_V_FC,TJK_M_FC
acl,ACL3_group,1,4,수,26,YEM_U_FC,MDV_T_FC,3,7,MDV_T_FC,YEM_U_FC
acl,ACL3_group,2,6,수,27,MDV_T_FC,PLE_V_FC,4,8,PLE_V_FC,MDV_T_FC
acl,ACL3_group,2,6,수,28,TJK_M_FC,YEM_U_FC,4,5,YEM_U_FC,TJK_M_FC
acl,ACL3_group,3,8,수,29,PLE_V_FC,YEM_U_FC,6,7,YEM_U_FC,PLE_V_FC
acl,ACL3_group,3,8,수,30,TJK_M_FC,MDV_T_FC,4,7,MDV_T_FC,TJK_M_FC
acl,ACL3_group,4,10,수,31,TJK_M_FC,PLE_V_FC,1,0,TJK_M_FC,PLE_V_FC
acl,ACL3_group,4,10,수,32,MDV_T_FC,YEM_U_FC,5,2,MDV_T_FC,YEM_U_FC
acl,ACL3_group,5,12,수,33,YEM_U_FC,PLE_V_FC,2,7,PLE_V_FC,YEM_U_FC
acl,ACL3_group,5,12,수,34,MDV_T_FC,TJK_M_FC,7,1,MDV_T_FC,TJK_M_FC
acl,ACL3_group,6,14,수,35,PLE_V_FC,MDV_T_FC,6,5,PLE_V_FC,MDV_T_FC
acl,ACL3_group,6,14,수,36,YEM_U_FC,TJK_M_FC,10,2,YEM_U_FC,TJK_M_FC
acl,ACL3_group,1,4,수,37,KUW_K_FC2,KGZ_O_FC,6,0,KUW_K_FC2,KGZ_O_FC
acl,ACL3_group,1,4,수,38,LKA_S_FC,LBN_N_FC,5,3,LKA_S_FC,LBN_N_FC
acl,ACL3_group,2,6,수,39,LBN_N_FC,KUW_K_FC2,8,4,LBN_N_FC,KUW_K_FC2
acl,ACL3_group,2,6,수,40,KGZ_O_FC,LKA_S_FC,1,5,LKA_S_FC,KGZ_O_FC
acl,ACL3_group,3,8,수,41,KUW_K_FC2,LKA_S_FC,8,11,LKA_S_FC,KUW_K_FC2
acl,ACL3_group,3,8,수,42,KGZ_O_FC,LBN_N_FC,9,8,KGZ_O_FC,LBN_N_FC
acl,ACL3_group,4,10,수,43,KGZ_O_FC,KUW_K_FC2,2,1,KGZ_O_FC,KUW_K_FC2
acl,ACL3_group,4,10,수,44,LBN_N_FC,LKA_S_FC,0,15,LKA_S_FC,LBN_N_FC
acl,ACL3_group,5,12,수,45,LKA_S_FC,KUW_K_FC2,4,4,,
acl,ACL3_group,5,12,수,46,LBN_N_FC,KGZ_O_FC,1,3,KGZ_O_FC,LBN_N_FC
acl,ACL3_group,6,14,수,47,KUW_K_FC2,LBN_N_FC,4,6,LBN_N_FC,KUW_K_FC2
acl,ACL3_group,6,14,수,48,LKA_S_FC,KGZ_O_FC,4,4,,
acl,ACL3_group,1,4,수,49,PHI_K_FC2,IDN_L_FC,2,1,PHI_K_FC2,IDN_L_FC
acl,ACL3_group,1,4,수,50,MNG_O_FC,GUM_P_FC,1,3,GUM_P_FC,MNG_O_FC
acl,ACL3_group,2,6,수,51,GUM_P_FC,PHI_K_FC2,6,1,GUM_P_FC,PHI_K_FC2
acl,ACL3_group,2,6,수,52,IDN_L_FC,MNG_O_FC,5,3,IDN_L_FC,MNG_O_FC
acl,ACL3_group,3,8,수,53,PHI_K_FC2,MNG_O_FC,7,9,MNG_O_FC,PHI_K_FC2
acl,ACL3_group,3,8,수,54,IDN_L_FC,GUM_P_FC,2,1,IDN_L_FC,GUM_P_FC
acl,ACL3_group,4,10,수,55,IDN_L_FC,PHI_K_FC2,4,9,PHI_K_FC2,IDN_L_FC
acl,ACL3_group,4,10,수,56,GUM_P_FC,MNG_O_FC,3,3,,
acl,ACL3_group,5,12,수,57,MNG_O_FC,PHI_K_FC2,5,0,MNG_O_FC,PHI_K_FC2
acl,ACL3_group,5,12,수,58,GUM_P_FC,IDN_L_FC,1,1,,
acl,ACL3_group,6,14,수,59,PHI_K_FC2,GUM_P_FC,7,1,PHI_K_FC2,GUM_P_FC
acl,ACL3_group,6,14,수,60,MNG_O_FC,IDN_L_FC,7,11,IDN_L_FC,MNG_O_FC
acl,ACL3_group,1,4,수,61,AUS_H_FC2,BRU_U_FC,2,2,,
acl,ACL3_group,1,4,수,62,MYA_M_FC,LAO_Q_FC,2,6,LAO_Q_FC,MYA_M_FC
acl,ACL3_group,2,6,수,63,LAO_Q_FC,AUS_H_FC2,4,1,LAO_Q_FC,AUS_H_FC2
acl,ACL3_group,2,6,수,64,BRU_U_FC,MYA_M_FC,4,4,,
acl,ACL3_group,3,8,수,65,AUS_H_FC2,MYA_M_FC,1,7,MYA_M_FC,AUS_H_FC2
acl,ACL3_group,3,8,수,66,BRU_U_FC,LAO_Q_FC,3,7,LAO_Q_FC,BRU_U_FC
acl,ACL3_group,4,10,수,67,BRU_U_FC,AUS_H_FC2,15,6,BRU_U_FC,AUS_H_FC2
acl,ACL3_group,4,10,수,68,LAO_Q_FC,MYA_M_FC,1,2,MYA_M_FC,LAO_Q_FC
acl,ACL3_group,5,12,수,69,MYA_M_FC,AUS_H_FC2,3,12,AUS_H_FC2,MYA_M_FC
acl,ACL3_group,5,12,수,70,LAO_Q_FC,BRU_U_FC,0,4,BRU_U_FC,LAO_Q_FC
acl,ACL3_group,6,14,수,71,AUS_H_FC2,LAO_Q_FC,1,0,AUS_H_FC2,LAO_Q_FC
acl,ACL3_group,6,14,수,72,MYA_M_FC,BRU_U_FC,6,3,MYA_M_FC,BRU_U_FC
acl,ACL3_group,1,4,수,73,PLW_V_FC,CAM_J_FC2,2,4,CAM_J_FC2,PLW_V_FC
acl,ACL3_group,1,4,수,74,MAS_G_FC3,MAC_S_FC,5,7,MAC_S_FC,MAS_G_FC3
acl,ACL3_group,2,6,수,75,MAC_S_FC,PLW_V_FC,11,1,MAC_S_FC,PLW_V_FC
acl,ACL3_group,2,6,수,76,CAM_J_FC2,MAS_G_FC3,2,4,MAS_G_FC3,CAM_J_FC2
acl,ACL3_group,3,8,수,77,PLW_V_FC,MAS_G_FC3,7,5,PLW_V_FC,MAS_G_FC3
acl,ACL3_group,3,8,수,78,CAM_J_FC2,MAC_S_FC,7,10,MAC_S_FC,CAM_J_FC2
acl,ACL3_group,4,10,수,79,CAM_J_FC2,PLW_V_FC,1,3,PLW_V_FC,CAM_J_FC2
acl,ACL3_group,4,10,수,80,MAC_S_FC,MAS_G_FC3,13,0,MAC_S_FC,MAS_G_FC3
acl,ACL3_group,5,12,수,81,MAS_G_FC3,PLW_V_FC,1,4,PLW_V_FC,MAS_G_FC3
acl,ACL3_group,5,12,수,82,MAC_S_FC,CAM_J_FC2,5,4,MAC_S_FC,CAM_J_FC2
acl,ACL3_group,6,14,수,83,PLW_V_FC,MAC_S_FC,3,7,MAC_S_FC,PLW_V_FC
acl,ACL3_group,6,14,수,84,MAS_G_FC3,CAM_J_FC2,7,11,CAM_J_FC2,MAS_G_FC3
acl,ACL3_group,1,4,수,85,AUS_H_FC3,TPE_R_FC,10,9,AUS_H_FC3,TPE_R_FC
acl,ACL3_group,1,4,수,86,PRK_T_FC,TLS_N_FC,9,0,PRK_T_FC,TLS_N_FC
acl,ACL3_group,2,6,수,87,TLS_N_FC,AUS_H_FC3,1,5,AUS_H_FC3,TLS_N_FC
acl,ACL3_group,2,6,수,88,TPE_R_FC,PRK_T_FC,3,3,,
acl,ACL3_group,3,8,수,89,AUS_H_FC3,PRK_T_FC,2,5,PRK_T_FC,AUS_H_FC3
acl,ACL3_group,3,8,수,90,TPE_R_FC,TLS_N_FC,9,2,TPE_R_FC,TLS_N_FC
acl,ACL3_group,4,10,수,91,TPE_R_FC,AUS_H_FC3,7,12,AUS_H_FC3,TPE_R_FC
acl,ACL3_group,4,10,수,92,TLS_N_FC,PRK_T_FC,0,2,PRK_T_FC,TLS_N_FC
acl,ACL3_group,5,12,수,93,PRK_T_FC,AUS_H_FC3,5,7,AUS_H_FC3,PRK_T_FC
acl,ACL3_group,5,12,수,94,TLS_N_FC,TPE_R_FC,4,3,TLS_N_FC,TPE_R_FC
acl,ACL3_group,6,14,수,95,AUS_H_FC3,TLS_N_FC,9,5,AUS_H_FC3,TLS_N_FC
acl,ACL3_group,6,14,수,96,PRK_T_FC,TPE_R_FC,4,10,TPE_R_FC,PRK_T_FC
acl,ACL3_r16,R16,19,수,1,SYR_R_FC,TKM_L_FC,2,5,TKM_L_FC,SYR_R_FC
acl,ACL3_r16,R16,20,수,1,TKM_L_FC,SYR_R_FC,2,7,SYR_R_FC,TKM_L_FC
acl,ACL3_r16,R16,19,수,2,BHU_Q_FC,BHR_H_FC3,6,6,,
acl,ACL3_r16,R16,20,수,2,BHR_H_FC3,BHU_Q_FC,3,1,BHR_H_FC3,BHU_Q_FC
acl,ACL3_r16,R16,19,수,3,MDV_T_FC,KGZ_O_FC,1,1,,
acl,ACL3_r16,R16,20,수,3,KGZ_O_FC,MDV_T_FC,5,0,KGZ_O_FC,MDV_T_FC
acl,ACL3_r16,R16,19,수,4,LKA_S_FC,PLE_V_FC,8,9,PLE_V_FC,LKA_S_FC
acl,ACL3_r16,R16,20,수,4,PLE_V_FC,LKA_S_FC,7,1,PLE_V_FC,LKA_S_FC
acl,ACL3_qf,QF,23,수,1,SYR_R_FC,PLE_V_FC,5,11,PLE_V_FC,SYR_R_FC
acl,ACL3_qf,QF,24,수,1,PLE_V_FC,SYR_R_FC,5,1,PLE_V_FC,SYR_R_FC
acl,ACL3_qf,QF,23,수,2,KGZ_O_FC,BHR_H_FC3,7,3,KGZ_O_FC,BHR_H_FC3
acl,ACL3_qf,QF,24,수,2,BHR_H_FC3,KGZ_O_FC,2,1,BHR_H_FC3,KGZ_O_FC
acl,ACL3_sf,SF,27,수,1,PLE_V_FC,KGZ_O_FC,0,2,KGZ_O_FC,PLE_V_FC
acl,ACL3_sf,SF,28,수,1,KGZ_O_FC,PLE_V_FC,7,3,KGZ_O_FC,PLE_V_FC
acl,ACL3_r16,R16,19,수,1,IDN_L_FC,LAO_Q_FC,3,3,,
acl,ACL3_r16,R16,20,수,1,LAO_Q_FC,IDN_L_FC,1,9,IDN_L_FC,LAO_Q_FC
acl,ACL3_r16,R16,19,수,2,MYA_M_FC,PHI_K_FC2,4,2,MYA_M_FC,PHI_K_FC2
acl,ACL3_r16,R16,20,수,2,PHI_K_FC2,MYA_M_FC,6,1,PHI_K_FC2,MYA_M_FC
acl,ACL3_r16,R16,19,수,3,MAC_S_FC,PRK_T_FC,7,7,,
acl,ACL3_r16,R16,20,수,3,PRK_T_FC,MAC_S_FC,4,12,MAC_S_FC,PRK_T_FC
acl,ACL3_r16,R16,19,수,4,AUS_H_FC3,PLW_V_FC,1,1,,
acl,ACL3_r16,R16,20,수,4,PLW_V_FC,AUS_H_FC3,2,3,AUS_H_FC3,PLW_V_FC
acl,ACL3_qf,QF,23,수,1,IDN_L_FC,AUS_H_FC3,2,10,AUS_H_FC3,IDN_L_FC
acl,ACL3_qf,QF,24,수,1,AUS_H_FC3,IDN_L_FC,5,3,AUS_H_FC3,IDN_L_FC
acl,ACL3_qf,QF,23,수,2,MAC_S_FC,PHI_K_FC2,2,7,PHI_K_FC2,MAC_S_FC
acl,ACL3_qf,QF,24,수,2,PHI_K_FC2,MAC_S_FC,0,0,PHI_K_FC2,MAC_S_FC
acl,ACL3_sf,SF,27,수,1,AUS_H_FC3,PHI_K_FC2,1,5,PHI_K_FC2,AUS_H_FC3
acl,ACL3_sf,SF,28,수,1,PHI_K_FC2,AUS_H_FC3,1,3,AUS_H_FC3,PHI_K_FC2
acl,ACL3_final,Final,32,토,1,KGZ_O_FC,PHI_K_FC2,4,2,KGZ_O_FC,PHI_K_FC2
